<?xml version="1.0" encoding="UTF-8"?>
<UniversitiesList>
    <University>
        <UniID>FPT</UniID>
        <UniName>ĐẠI HỌC FPT</UniName>
        <Address>Tòa nhà Detech, Số 8 Tôn Thất Thuyết, Mỹ Đình, Từ Liêm, Hà Nội</Address>
        <Phone>04.37688922</Phone>
        <Website>www.fpt.edu.vn</Website>
        <Image>images/university/FPT.jpg</Image>
        <City>Hà Nội</City>
        <Region>Bắc</Region>
    </University>
    
    <University>
        <UniID>DTL</UniID>
        <UniName>ĐẠI HỌC THĂNG LONG</UniName>
        <Address>Đại Kim, Hoàng Mai, Hà Nội</Address>
        <Phone>04.38587346</Phone>
        <Website>www.thanglong.edu.vn</Website>
        <Image>images/university/DTL.jpg</Image>
        <City>Hà Nội</City>
        <Region>Bắc</Region>
    </University>
    
    <University>
        <UniID>NHF</UniID>
        <UniName>ĐẠI HỌC HÀ NỘI</UniName>
        <Address>Km9, Nguyễn Trãi, Thanh Xuân Bắc, Hà Nội</Address>
        <Phone>04.38544338</Phone>
        <Website>www.hanu.vn</Website>
        <Image>images/university/NHF.jpg</Image>
        <City>Hà Nội</City>
        <Region>Bắc</Region>
    </University>
    
    <University>
        <UniID>NNH</UniID>
        <UniName>ĐẠI HỌC NÔNG NGHIỆP HÀ NỘI</UniName>
        <Address>Trâu Quỳ, Gia Lâm, Hà Nội</Address>
        <Phone>04.38276346</Phone>
        <Website>www.hua.edu.vn</Website>
        <Image>images/university/NNH.jpg</Image>
        <City>Hà Nội</City>
        <Region>Bắc</Region>
    </University>
    
    <University>
        <UniID>PCH</UniID>
        <UniName>ĐẠI HỌC PHÒNG CHÁY CHỮA CHÁY</UniName>
        <Address>243 Khuất Duy Tiến, Thanh Xuân, Hà Nội</Address>
        <Phone>04.38543510</Phone>
        <Website>www.daihocpccc.edu.vn</Website>
        <Image>images/university/photo_not_available.png</Image>
        <City>Hà Nội</City>
        <Region>Bắc</Region>
    </University>
    
    <University>
        <UniID>YTC</UniID>
        <UniName>ĐẠI HỌC Y TẾ CÔNG CỘNG</UniName>
        <Address>138 Giảng Võ, Ba Đình, Hà Nội</Address>
        <Phone>04.62662299</Phone>
        <Website>www.hsph.edu.vn</Website>
        <Image>images/university/YTC.jpg</Image>
        <City>Hà Nội</City>
        <Region>Bắc</Region>
    </University>
    
    <University>
        <UniID>GHA</UniID>
        <UniName>ĐẠI HỌC GIAO THÔNG VẬN TẢI</UniName>
        <Address>Láng Thượng, Đống Đa, Hà Nội</Address>
        <Phone>04.37663442</Phone>
        <Website>www.utc.edu.vn</Website>
        <Image>images/university/GHA.jpg</Image>
        <City>Hà Nội</City>
        <Region>Bắc</Region>
    </University>
    
    <University>
        <UniID>LPH</UniID>
        <UniName>ĐẠI HỌC LUẬT HÀ NỘI</UniName>
        <Address>87 Nguyễn Chí Thanh, Hà Nội</Address>
        <Phone>04.38344018</Phone>
        <Website>www.hlu.edu.vn</Website>
        <Image>images/university/LPH.jpg</Image>
        <City>Hà Nội</City>
        <Region>Bắc</Region>
    </University>
    
    <University>
        <UniID>HTC</UniID>
        <UniName>HỌC VIỆN TÀI CHÍNH</UniName>
        <Address>Đông Ngạc, Từ Liêm, TP. Hà Nội</Address>
        <Phone>04.38362161</Phone>
        <Website>www.hvtc.edu.vn</Website>
        <Image>images/university/HTC.jpg</Image>
        <City>Hà Nội</City>
        <Region>Bắc</Region>
    </University>
    
    <University>
        <UniID>VHH</UniID>
        <UniName>ĐẠI HỌC VĂN HOÁ HÀ NỘI</UniName>
        <Address>418 Đường La Thành, Hà Nội</Address>
        <Phone>04.38511971</Phone>
        <Website>www.huc.edu.vn</Website>
        <Image>images/university/VHH.jpg</Image>
        <City>Hà Nội</City>
        <Region>Bắc</Region>
    </University>
    
    <University>
        <UniID>TGC</UniID>
        <UniName>HỌC VIỆN BÁO CHÍ - TUYÊN TRUYỀN</UniName>
        <Address>36 đường Xuân Thuỷ, Dịch Vọng Hậu, Cầu Giấy, Hà Nội</Address>
        <Phone>04.37548262</Phone>
        <Website>www.ajc.edu.vn</Website>
        <Image>images/university/TGC.jpg</Image>
        <City>Hà Nội</City>
        <Region>Bắc</Region>
    </University>
    
    <University>
        <UniID>CSH</UniID>
        <UniName>HỌC VIỆN CẢNH SÁT NHÂN DÂN</UniName>
        <Address>Cổ Nhuế, Từ Liêm, Hà Nộ</Address>
        <Phone>04.38385246</Phone>
        <Website>www.hvcsnd.edu.vn</Website>
        <Image>images/university/CSH.jpg</Image>
        <City>Hà Nội</City>
        <Region>Bắc</Region>
    </University>
    
    <University>
        <UniID>BVH</UniID>
        <UniName>HỌC VIỆN CÔNG NGHỆ BƯU CHÍNH VIỄN THÔNG</UniName>
        <Address>Km10, Nguyễn Trãi, Hà Đông, Hà Nội</Address>
        <Phone>04.33528122</Phone>
        <Website>www.ptit.edu.vn</Website>
        <Image>images/university/BVH.jpg</Image>
        <City>Hà Nội</City>
        <Region>Bắc</Region>
    </University>
    
    <University>
        <UniID>HCH</UniID>
        <UniName>HỌC VIỆN HÀNH CHÍNH</UniName>
        <Address>77 Nguyễn Chí Thanh, Đống Đa, Hà Nội</Address>
        <Phone>04.38343490</Phone>
        <Website>www.napa.vn</Website>
        <Image>images/university/HCH.jpg</Image>
        <City>Hà Nội</City>
        <Region>Bắc</Region>
    </University>
    
    <University>
        <UniID>NHH</UniID>
        <UniName>HỌC VIỆN NGÂN HÀNG</UniName>
        <Address>12 Chùa Bộc, quận Đống Đa, Hà Nội</Address>
        <Phone>04.38521851</Phone>
        <Website>www.hvnh.edu.vn/</Website>
        <Image>images/university/NHH.jpg</Image>
        <City>Hà Nội</City>
        <Region>Bắc</Region>
    </University>
    
    <University>
        <UniID>HQT</UniID>
        <UniName>HỌC VIỆN NGOẠI GIAO</UniName>
        <Address>69 Chùa Láng, Đống Đa, Hà Nội</Address>
        <Phone>04.38344540</Phone>
        <Website>www.iir.edu.vn/</Website>
        <Image>images/university/HQT.jpg</Image>
        <City>Hà Nội</City>
        <Region>Bắc</Region>
    </University>
    
    <University>
        <UniID>BKA</UniID>
        <UniName>ĐẠI HỌC BÁCH KHOA HÀ NỘI</UniName>
        <Address>Số 1 Đại Cồ Việt, Hai Bà Trưng, Hà Nội</Address>
        <Phone>04.38692104</Phone>
        <Website>www.hut.edu.vn</Website>
        <Image>images/university/BKA.jpg</Image>
        <City>Hà Nội</City>
        <Region>Bắc</Region>
    </University> 
    
    <University>
        <UniID>DNB</UniID>
        <UniName>ĐẠI HỌC HOA LƯ NINH BÌNH</UniName>
        <Address>Kỳ Vỹ, Ninh Nhất, TP. Ninh Bình, Ninh Bình</Address>
        <Phone>030.3892240</Phone>
        <Website>hluv.edu.vn/</Website>
        <Image>images/university/DNB.jpg</Image>
        <City>Ninh Bình</City>
        <Region>Bắc</Region>
    </University>
    
    <University>
        <UniID>DTN</UniID>
        <UniName>Đại học Nông Lâm - Đại học Thái Nguyên</UniName>
        <Address>Xã Thịnh Đán, TP Thái Nguyên, tỉnh Thái Nguyên</Address>
        <Phone>280.3852650</Phone>
        <Website>www.tnu.edu.vn/</Website>
        <Image>images/university/DTN.jpg</Image>
        <City>Thái Nguyên</City>
        <Region>Bắc</Region>
    </University>     
    
    <University>
        <UniID>DTS</UniID>
        <UniName>Đại học Sư phạm - Đại học Thái Nguyên</UniName>
        <Address>Đường Lương Ngọc Quyến, phường Quang Trung, thành phố Thái Nguyên</Address>
        <Phone>280.3852651</Phone>
        <Website>www.tnu.edu.vn/</Website>
        <Image>images/university/DTS.jpg</Image>
        <City>Thái Nguyên</City>
        <Region>Bắc</Region>
    </University>     
    
    <University>
        <UniID>DTK</UniID>
        <UniName>Đại học Kỹ thuật Công nghiệp - Đại học Thái Nguyên</UniName>
        <Address>KM 9, đường 3/2 thành phố Thái Nguyên</Address>
        <Phone>280.3753041</Phone>
        <Website>www.tnut.edu.vn</Website>
        <Image>images/university/DTK.jpg</Image>
        <City>Thái Nguyên</City>
        <Region>Bắc</Region>
    </University>     
    
    <University>
        <UniID>DTZ</UniID>
        <UniName>Đại học Khoa học - Đại học Thái Nguyên</UniName>
        <Address>Xã Thịnh Đán, TP Thái Nguyên, tỉnh Thái Nguyên</Address>
        <Phone>280.3753041</Phone>
        <Website>www.tnut.edu.vn</Website>
        <Image>images/university/DTZ.jpg</Image>     
        <City>Thái Nguyên</City>
        <Region>Bắc</Region>
    </University> 
    
    <University>
        <UniID>DHF</UniID>
        <UniName>Đại học Ngoại Ngữ - Đại học Huế</UniName>
        <Address>Số 57 Nguyễn Khoa Chiêm, phường An Tây, Thành phố Huế</Address>
        <Phone>054.3833329</Phone>
        <Website>www.hucfl.edu.vn</Website>
        <Image>images/university/DHF.jpg</Image>
        <City>Huế</City>
        <Region>Trung</Region>
    </University> 
    
    <University>
        <UniID>DHL</UniID>
        <UniName>Đại học Nông Lâm - Đại học Huế</UniName>
        <Address>Số 102 Phùng Hưng, phường Thuận Thành, Thành phố Huế</Address>
        <Phone>054.3828493</Phone>
        <Website>www.huaf.edu.vn</Website>
        <Image>images/university/DHL.jpg</Image>
        <City>Huế</City>
        <Region>Trung</Region>
    </University> 
    
    <University>
        <UniID>DHN</UniID>
        <UniName>Đại học Nghệ Thuật - Đại học Huế</UniName>
        <Address>Số 10 Tô Ngọc Vân, phường Thuận Thành, Thành phố Huế</Address>
        <Phone>054.3828493</Phone>
        <Website>www.hufa.edu.vn</Website>
        <Image>images/university/DHN.jpg</Image>
        <City>Huế</City>
        <Region>Trung</Region>
    </University> 
    
    <University>
        <UniID>DDK</UniID>
        <UniName>Đại học Bách Khoa - Đại học Đà Nẵng</UniName>
        <Address>41 Lê Duẩn, Thành phố Đà Nẵng</Address>
        <Phone>051.1842308</Phone>
        <Website>www.dut.edu.vn</Website>
        <Image>images/university/DDK.jpg</Image>
        <City>Đà Nẵng</City>
        <Region>Trung</Region>
    </University> 
    
    <University>
        <UniID>DDF</UniID>
        <UniName>Đại học Ngoại Ngữ - Đại học Đà Nẵng</UniName>
        <Address>100 Ngô Thì Nhậm, Quận Liên Chiểu, TP Đà Nẵng</Address>
        <Phone>051.1835345</Phone>
        <Website>www.ud.edu.vn</Website>
        <Image>images/university/DDF.jpg</Image>
        <City>Đà Nẵng</City>
        <Region>Trung</Region>
    </University> 
    
    <University>
        <UniID>DDQ</UniID>
        <UniName>Đại học Kinh Tế - Đại học Đà Nẵng</UniName>
        <Address>Số 71 đường Ngũ Hành Sơn, quận Ngũ Hành Sơn, thành phố Đà Nẵng</Address>
        <Phone>051.1835345</Phone>
        <Website>www.ued.edu.vn</Website>
        <Image>images/university/DDQ.jpg</Image>
        <City>Đà Nẵng</City>
        <Region>Trung</Region>
    </University> 
    
    <University>
        <UniID>DDS</UniID>
        <UniName>Đại học Sư Phạm - Đại học Đà Nẵng</UniName>
        <Address>Số 459 Tôn Đức Thắng, thành phố Đà Nẵng</Address>
        <Phone>051.1835345</Phone>
        <Website>www.ud.edu.vn/</Website>
        <Image>images/university/DDS.jpg</Image>
        <City>Đà Nẵng</City>
        <Region>Trung</Region>
    </University> 
    
    <University>
        <UniID>HUI</UniID>
        <UniName>ĐẠI HỌC CÔNG NGHIỆP TPHCM</UniName>
        <Address>Số 12 Nguyễn Văn Bảo, P.4, Q. Gò Vấp, TP.Hồ Chí Minh</Address>
        <Phone>08.38940390</Phone>
        <Website>www.hui.edu.vn/</Website>
 	<Image>images/university/HUI.jpg</Image>
	<City>Hồ Chí Minh</City>
        <Region>Nam</Region>
    </University>  
    
    <University>
        <UniID>BVS</UniID>
        <UniName>HỌC VIỆN CÔNG NGHỆ BƯU CHÍNH VIỄN THÔNG</UniName>
        <Address>11 Nguyễn Đình Chiểu, Quận 1, TP.Hồ Chí Minh</Address>
        <Phone>08.38297220</Phone>
	<Website>www.ptithcm.edu.vn/</Website>
	<Image>images/university/BVS.jpg</Image>
	<City>Hồ Chí Minh</City>
        <Region>Nam</Region>
    </University>
    
    <University>
        <UniID>HCS</UniID>
        <UniName>HỌC VIỆN HÀNH CHÍNH</UniName>
        <Address>10 đường 3 tháng 2, Q. 10, TP. Hồ Chí Minh</Address>
        <Phone>08.38653383</Phone>
	<Website>www.napa.vn</Website>
	<Image>images/university/HCS.jpg</Image>
        <City>Hồ Chí Minh</City>
        <Region>Nam</Region>
    </University>
    
    <University>
        <UniID>DNT</UniID>
        <UniName>Đại học Ngoại Ngữ - Tin Học TP.HCM</UniName>
        <Address>155 Sư Vạn Hạnh nối dài, Q.10, Tp. Hồ Chí Minh</Address>
        <Phone>08.38627621</Phone>
        <Website>www.huflit.edu.vn</Website>
	<Image>images/university/DNT.jpg</Image>
        <City>Hồ Chí Minh</City>
        <Region>Nam</Region>
    </University>
    
    <University>
        <UniID>GTS</UniID>
        <UniName>Đại học Giao thông vận tải TP Hồ Chí Minh</UniName>
        <Address>Số 2, D3, Khu Văn Thánh Bắc, Phường 25, Q. Bình Thạnh, TP. Hồ Chí Minh</Address>
        <Phone>08.38992862</Phone>
        <Website>www.hcmutrans.edu.vn</Website>
	<Image>images/university/GTS.jpg</Image>
        <City>Hồ Chí Minh</City>
        <Region>Nam</Region>
    </University>
    
    <University>
        <UniID>LPS</UniID>
        <UniName>Đại học Luật TP HCM</UniName>
        <Address>2 Nguyễn Tất Thành, Phường 12, Quận 4, TP HCM</Address>
        <Phone>08.39400989</Phone>
        <Website>www.hcmulaw.edu.vn</Website>
	<Image>images/university/LPS.jpg</Image>
        <City>Hồ Chí Minh</City>
        <Region>Nam</Region>
    </University>

    <University>
        <UniID>MTS</UniID>
        <UniName>Đại học Mỹ Thuật TP HCM</UniName>
        <Address>5 Phan Đăng Lưu, P. 3, Q. Bình Thạnh, TP HCM</Address>
        <Phone>08.38416010</Phone>
        <Website>www.hcmufa.edu.vn</Website>
	<Image>images/university/MTS.jpg</Image>
        <City>Hồ Chí Minh</City>
        <Region>Nam</Region>
    </University>
    
    <University>
        <UniID>KTC</UniID>
        <UniName>Đại học Kinh tế - Tài chính TP.HCM</UniName>
        <Address>Số 08 Tân Thới Nhất 17, P. Tân Thới Nhất, Quận 12, TP. HCM</Address>
        <Phone>08.38228451</Phone>
        <Website>www.uef.edu.vn</Website>
	<Image>images/university/photo_not_available.png</Image>
        <City>Hồ Chí Minh</City>
        <Region>Nam</Region>
    </University>
    
    <University>
        <UniID>KSA</UniID>
        <UniName>Đại học Kinh tế TP. HCM</UniName>
        <Address>59C đường Nguyễn Đình Chiểu, quận 3, TP HCM</Address>
        <Phone>08.38228451</Phone>
        <Website>www.ueh.edu.vn</Website>
	<Image>images/university/KSA.jpg</Image>
        <City>Hồ Chí Minh</City>
        <Region>Nam</Region>
    </University>
    
    <University>
        <UniID>KTS</UniID>
        <UniName>Đại học Kiến Trúc TP HCM</UniName>
        <Address>196 Pasteur, Phường 6, Quận 3, TP HCM</Address>
        <Phone>08.38228451</Phone>
        <Website>www.hcmuarc.edu.vn</Website>
	<Image>images/university/KTS.png</Image>
        <City>Hồ Chí Minh</City>
        <Region>Nam</Region>
    </University>
    
    <University>
        <UniID>SPK</UniID>
        <UniName>Sư phạm Kỹ Thuật Tp HCM</UniName>
        <Address>1-3 Võ Văn Ngân, Q.Thủ Đức, TP Hồ Chí Minh</Address>
        <Phone>08.38230082</Phone>
        <Website>www.hcmute.edu.vn</Website>
	<Image>images/university/SPK.jpg</Image>
        <City>Hồ Chí Minh</City>
        <Region>Nam</Region>
    </University>
    
    <University>
        <UniID>STS</UniID>
        <UniName>Sư phạm Thể dục thể thao Tp HCM</UniName>
        <Address>639 Nguyễn Trãi, P11, Q5, TP Hồ Chí Minh</Address>
        <Phone>08.38556300</Phone>
        <Website>www.upes.edu.vn/</Website>
	<Image>images/university/STS.jpg</Image>
        <City>Hồ Chí Minh</City>
        <Region>Nam</Region>
    </University>
</UniversitiesList>