<?xml version="1.0" encoding="utf-8"?>
<install type="component" version="1.5.0">
	<name>theory Content</name>
	<!-- The following elements are optional and free of formatting conttraints -->
	<creationDate>2007-02-22</creationDate>
	<author>Huy Nguyen Tien</author>
	<authorEmail>huynt01016@fpt.edu.vn</authorEmail>
	<copyright>Copyright Info</copyright>
	<license>License Info</license>
	<!--  The version string is recorded in the components table -->
	<version>1.00</version>
	<!-- The description is optional and defaults to the name -->
	<description>Description of the component ...</description>

	<!-- Site Main File Copy Section -->
	<!-- Note the folder attribute: This attribute describes the folder
  	   to copy FROM in the package to install therefore files copied
    	 in this section are copied from /site/ in the package -->
	<files folder="site">
		<filename>controller.php</filename>
		<filename>theoryContent.php</filename>
		<filename>index.html</filename>
		<filename>models/theoryContent.php</filename>
		<filename>models/index.html</filename>
		<filename>views/index.html</filename>
		<filename>views/theoryContent/index.html</filename>
		<filename>views/theoryContent/view.html.php</filename>
		<filename>views/theoryContent/tmpl/default.php</filename>
		<filename>views/theoryContent/tmpl/index.html</filename>
	</files>

	<install>
		<sql>
			<file charset="utf8" driver="mysql">install.sql</file>
		</sql>
	</install>
	<uninstall>
		<sql>
			<file charset="utf8" driver="mysql">uninstall.sql</file>
		</sql>
	</uninstall>

	<administration>
		<!-- Administration Menu Section -->
		<menu>Theory Content</menu>

		<!-- Administration Main File Copy Section -->
		<files folder="admin">
			<filename>theoryContent.php</filename>
			<filename>index.html</filename>
			<filename>install.sql</filename>
			<filename>uninstall.sql</filename>
		</files>  
	</administration>
</install>