<?xml version="1.0" encoding="utf-8"?>
<extension
	type="module"
	version="1.6.0"
	client="site"
	method="upgrade">
  <name>Flexi Custom Code</name>
  <author>RBO Team</author>
  <creationDate>February 26th, 2011</creationDate>
  <copyright>RumahBelanja @ 2011 - Free Joomla Module</copyright>
  <license>http://www.gnu.org/copyleft/gpl.html GNU/GPL</license>
  <authorEmail>rumahbelanja@gmail.com</authorEmail>
  <authorUrl>www.rumahbelanja.com</authorUrl>
  <version>1.1</version>
  <description>FLEXICUSTOMCODE</description>
	<files>
		<filename module="mod_flexi_customcode">mod_flexi_customcode.php</filename>
		<folder>tmpl</folder>
		<filename>index.html</filename>
    	<filename>helper.php</filename>
    	<filename>mod_flexi_customcode.xml</filename>
	</files>
	<languages>
		<language tag="en-GB">language/en-GB/en-GB.mod_flexi_customcode.ini</language>
	</languages>
	<config>
		<fields name="params">
			<fieldset name="basic">
				<field name="code_area" filter="raw" type="textarea" default="" label="CODE" cols="40" rows="20" description="CODEDESC" />
				<field name="use_php" type="list" default="1" label="USEPHP" description="USEPHPDESC">
					<option value="0">JNO</option>
					<option value="1">JYES</option>
				</field>
				<field name="userlevel" type="radio" default="1" label="SHOWTO" description="SHOWTODESC" >
					<option value="0">REGISTERED</option>
					<option value="1">ALL</option>
					<option value="2">GUEST</option>
				</field>
				<field name="clean_js" type="list" default="1" label="CLEANJS" description="CLEANJSDESC">
					<option value="0">JNO</option>
					<option value="1">JYES</option>
				</field>
				<field name="clean_css" type="list" default="1" label="CLEANCSS" description="CLEANCSSDESC">
					<option value="0">JNO</option>
					<option value="1">JYES</option>
				</field>
				<field name="clean_all" type="list" default="1" label="CLEANHTML" description="CLEANHTMLDESC">
					<option value="0">JNO</option>
					<option value="1">JYES</option>
				</field>
			</fieldset>
			<fieldset name="advanced">
				<field
					name="layout"
					type="modulelayout"
					label="JFIELD_ALT_LAYOUT_LABEL"
					description="JFIELD_ALT_MODULE_LAYOUT_DESC" />
				<field
					name="moduleclass_sfx"
					type="text"
					label="MODULECLASSSUFFIX"
					description="PARAMMODULECLASSSUFFIX" />
				<field
					name="cache"
					type="list"
					default="1"
					label="COM_MODULES_FIELD_CACHING_LABEL"
					description="COM_MODULES_FIELD_CACHING_DESC">
					<option
						value="1">JGLOBAL_USE_GLOBAL</option>
					<option
						value="0">COM_MODULES_FIELD_VALUE_NOCACHING</option>
				</field>
				<field
					name="cache_time"
					type="text"
					default="900"
					label="COM_MODULES_FIELD_CACHE_TIME_LABEL"
					description="COM_MODULES_FIELD_CACHE_TIME_DESC" />
			</fieldset>
		</fields>
	</config>
	
    
		

	
	
</extension>
